<?xml version="1.0" encoding="utf-8"?>
<modification>
  <name>d_extra_position_1</name>
  <code>d_extra_position_1</code>
  <version>1.0</version>
  <author>Dreamvention team</author>
  <link>https://dreamvention.ee/</link>

    <file path="admin/view/template/design/layout_form.twig">
  <operation>
      <search index="1">
        <![CDATA[</fieldset>]]>
      </search>
      <add position="after">
        <![CDATA[
        <fieldset>
          <div class="row">
            <div class="col-lg-3 col-md-4 col-sm-12">
                <table id="module-d_extra_1" class="table table-striped table-bordered table-hover">
                  <thead>
                    <tr>
                      <td class="text-center">{{ text_d_extra_position_1 }}</td>
                    </tr>
                  </thead>
                  <tbody>
                    {% for layout_module in layout_modules %}
                    {% if layout_module.position == 'd_extra_1' %}
                    <tr id="module-row{{ module_row }}">
                      <td class="text-left"><div class="input-group">
                          <select name="layout_module[{{ module_row }}][code]" class="form-control input-sm">
                            {% for extension in extensions %}
                            <optgroup label="{{ extension.name }}">
                            {% if not extension.module %}
                            {% if extension.code == layout_module.code %}
                            <option value="{{ extension.code }}" selected="selected">{{ extension.name }}</option>
                            {% else %}
                            <option value="{{ extension.code }}">{{ extension.name }}</option>
                            {% endif %}
                            {% else %}
                            {% for module in extension.module %}
                            {% if module.code == layout_module.code %}
                            <option value="{{ module.code }}" selected="selected">{{ module.name }}</option>
                            {% else %}
                            <option value="{{ module.code }}">{{ module.name }}</option>
                            {% endif %}
                            {% endfor %}  
                            {% endif %}
                            </optgroup>
                            {% endfor %}
                          </select>
                          <input type="hidden" name="layout_module[{{ module_row }}][position]" value="{{ layout_module.position }}" />
                          <input type="hidden" name="layout_module[{{ module_row }}][sort_order]" value="{{ layout_module.sort_order }}" />
                          <div class="input-group-btn"><a href="{{ layout_module.edit }}" data-toggle="tooltip" title="{{ button_edit }}" target="_blank" class="btn btn-primary btn-sm"><i class="fa fa-pencil"></i></a>
                            <button type="button" onclick="$('#module-row{{ module_row }}').remove();" data-toggle="tooltip" title="{{ button_remove }}" class="btn btn-danger btn-sm"><i class="fa fa fa-minus-circle"></i></button>
                          </div>
                        </div></td>
                    </tr>
                    {% set module_row = module_row + 1 %}
                    {% endif %}
                    {% endfor %}
                  </tbody>
                  <tfoot>
                    <tr>
                      <td class="text-left"><div class="input-group">
                          <select class="form-control input-sm">
                            <option value=""></option>
                            {% for extension in extensions %}
                            <optgroup label="{{ extension.name }}">
                            {% if not extension.module %}
                            <option value="{{ extension.code }}">{{ extension.name }}</option>
                            {% else %}
                            {% for module in extension.module %}
                            <option value="{{ module.code }}">{{ module.name }}</option>
                            {% endfor %}
                            {% endif %}
                            </optgroup>
                            {% endfor %}
                          </select>
                          <div class="input-group-btn">
                            <button type="button" onclick="addModule('d_extra_1');" data-toggle="tooltip" title="{{ button_module_add }}" class="btn btn-primary btn-sm"><i class="fa fa-plus-circle"></i></button>
                          </div>
                        </div></td>
                    </tr>
                  </tfoot>
                </table>
              </div>
            </div>
        </fieldset>]]>
      </add>
    </operation>
  </file>

  <file path="catalog/view/theme/default/template/common/home.twig">
	<operation>
      <search>
        <![CDATA[{{ column_left }}]]>
      </search>
      <add position="before">
        <![CDATA[{{ d_extra_position_1 }}]]>
      </add>
    </operation>
  </file>

  <file path="catalog/controller/common/home.php">
  <operation>
      <search>
        <![CDATA[$data['column_right'] = $this->load->controller('common/column_right');]]>
      </search>
      <add position="after">
        <![CDATA[$data['d_extra_position_1'] = $this->load->controller('extension/module/d_extra_position_1');]]>
      </add>
    </operation>
  </file>

  <file path="admin/language/en-gb/design/layout.php">
  <operation>
      <search>
        <![CDATA[$_['text_column_right']   = 'Column Right';]]>
      </search>
      <add position="after">
        <![CDATA[$_['text_d_extra_position_1']   = 'Extra Position 1';]]>
      </add>
    </operation>
  </file>
</modification>
