<modification>
    <name>Disable language autodetect</name>
    <code>d_disable_autodetect</code>
    <version>1.0.0</version>
    <author>Dreamvention</author>
    <link>https://dreamvention.ee</link>

	<file path="catalog/controller/startup/startup.php">
		<operation error="skip">
			<search ><![CDATA[if (!empty($this->request->server['HTTP_ACCEPT_LANGUAGE']) && !array_key_exists($code, $languages)) {]]></search>
			<add position="replce"><![CDATA[// if (!empty($this->request->server['HTTP_ACCEPT_LANGUAGE']) && !array_key_exists($code, $languages)) {
				if (false) {]]></add>
		</operation>
		<operation error="skip">
			<search ><![CDATA[$code = $detect ? $detect : '';]]></search>
			<add position="replce"><![CDATA[// $code = $detect ? $detect : '';]]></add>
		</operation>
	</file>	
</modification>
