{
    "codename": "ms_product_option",
    "version": "1.0.0",
    "name": "MS Product Option",
    "description": "Create Master products and connect slave products. When updating options in saster product, you will automatically update slave products.",
    "index": "extension/d_shopunity",
    "author": {
        "name": "Dreamvention",
        "email": "info@dreamvention.com",
        "url": "https://dreamvention.ee/"
    },
    "opencart_version": [
        "3.0.0.0",
        "3.0.1.1",
        "3.0.1.2",
        "3.0.2.0"
    ],
    "type": "module",
    "license": {
        "type": "free",
        "url": "https://shopunity.net/licenses/free"
    },
    "install": {
        "url": "extension/module/install&extension=ms_product_option",
        "xml": "system/library/d_shopunity/install/ms_product_option.xml"
    },
    "uninstall": {
        "url": "extension/module/uninstall&extension=ms_product_option"
    },
    "support": {
        "email": "support@dreamvention.com",
        "url": "https://dreamvention.ee/support"
    },
    "required":{
        "d_opencart_patch": ">=1.0.0"
    },
    "files": [
        "system/library/d_shopunity/extension/ms_product_option.json",

        "admin/controller/extension/module/ms_product_option.php",
        "admin/model/extension/module/ms_product_option.php",
        "admin/language/en-gb/extension/module/ms_product_option.php",
        "admin/view/template/extension/module/ms_product_option.twig",

        "system/library/d_shopunity/install/ms_product_option.xml"
    ],
    "changelog": [
        {
            "version":"1.0.0",
            "change": "Initial commit"
        }
    ]
}
