<?xml version="1.0" encoding="utf-8"?>
<modification>
    <name>ms_product_option</name>
    <code>ms_product_option</code>
    <description>MS Product Option</description>
    <version>1.0.0</version>
    <author>Dreamvention</author>
    <link>http://dreamvention.ee</link>
    <file path="admin/view/template/catalog/product_form.twig">
        <operation error="skip">
            <search><![CDATA[<div class="tab-pane" id="tab-option">]]></search>
            <add position="after"><![CDATA[
            <!-- //ms_product_option.xml 1 -->
            <div class="form-group">
                <label class="col-sm-2 control-label" for="input-model">Master Product</label>
                <div class="col-sm-10">
                  <input type="text" name="master_product_id" value="{{ master_product_id }}" placeholder="master product id" id="input-model" class="form-control" />
                  </div>
              </div>
            ]]></add>
        </operation>
    </file>
</modification>