{
    "codename": "d_extra_position_1",
    "version": "1.0.0",
    "name": "Extra Position 1",
    "description": "Adds an extra position to Opencart 2.x and above",
    "index": "extension/module/d_extra_position_1",
    "author": {
        "name": "Dreamvention",
        "email": "info@dreamvention.com",
        "url": "https://dreamvention.com/"
    },
    "opencart_version": [
        "2.0.0.0",
        "2.0.1.0",
        "2.0.1.1",
        "2.0.2.0",
        "2.0.3.1",
        "2.1.0.1",
        "2.1.0.2",
        "2.2.0.0",
        "2.3.0.0",
        "2.3.0.1",
        "2.3.0.2",
        "3.0.0.0",
        "3.0.1.1",
        "3.0.1.2",
        "3.0.2.0"
    ],
    "type": "module",
    "license": {
        "type": "free",
        "url": "https://shopunity.net/licenses/free"
    },
    "install": {
        "url": "extension/module/install&extension=d_extra_position_1"
    },
    "uninstall": {
        "url": "extension/module/uninstall&extension=d_extra_position_1"
    },
    "support": {
        "email": "support@dreamvention.com",
        "url": "https://dreamvention.ee/support"
    },
    "required":{
        "d_opencart_patch": ">=1.0.0"
    },
    "files": [
        "system/library/d_shopunity/extension/d_extra_position_1.json",
        "system/library/d_shopunity/install/d_extra_position_1.xml",
        "admin/controller/extension/module/d_extra_position_1.php",
        "admin/language/en-gb/extension/module/d_extra_position_1.php",
        "admin/view/template/extension/module/d_extra_position_1.twig",
        "catalog/controller/extension/module/d_extra_position_1.php",
        "catalog/view/theme/default/template/extension/module/d_extra_position_1.twig"
    ],
    "dirs" : [
        "admin/view/image/d_extra_position_1"
    ],
    "changelog": [
        {
            "version":"1.0.0",
            "change": "Initial commit"
        }
    ]
}
